ID,Cena,Powierzchnia,Cena za metr,Pokoje,Ulica,Dzielnica,Obszar administracyjny,Miasto,Województwo,Piętro,Winda,Czynsz,Tytuł,Link
66713231,312 900 zł,28.3m²,11 057 zł/m²,1,ul. Naramowicka, Naramowice, Stare Miasto, Poznań, wielkopolskie,parter,tak,brak informacji,1-pokojowe mieszkanie 28m2 Bez Pośredników,https://www.otodom.pl/pl/oferta/1-pokojowe-mieszkanie-28m2-bez-posrednikow-ID4wW9R
67025097,249 000 zł,27m²,9 222 zł/m²,2,,Stare Miasto, Stare Miasto, Poznań, wielkopolskie,parter,nie,0 zł,Bezczynszowy szeregowiec z ogrodem i miejscem postojow. Pełna Własność,https://www.otodom.pl/pl/oferta/bezczynszowy-szeregowiec-z-ogrodem-i-miejscem-postojow-pelna-wlasnosc-ID4xehX
62935056,340 000 zł,31.73m²,10 715 zł/m²,1,ul. Przepiórcza, Junikowo, Grunwald, Poznań, wielkopolskie,parter,nie,380 zł,"Cicha i zielona okolica, idealne pod wynajem.",https://www.otodom.pl/pl/oferta/cicha-i-zielona-okolica-idealne-pod-wynajem-ID4g4hy
67043287,341 000 zł,24.4m²,13 975 zł/m²,1,,Rataje, Nowe Miasto, Poznań, wielkopolskie,3 piętro,tak,brak informacji,"Powstań Narodowych, kawalerka przy Parku Rataje",https://www.otodom.pl/pl/oferta/powstan-narodowych-kawalerka-przy-parku-rataje-ID4xj1l
67043143,249 000 zł,20m²,12 450 zł/m²,1,,Centrum, Stare Miasto, Poznań, wielkopolskie,3 piętro,nie,400 zł,Idealny lokal pod wynajem ---> PO REMONCIE,https://www.otodom.pl/pl/oferta/idealny-lokal-pod-wynajem-po-remoncie-ID4xiZ1
66631041,,28.29m²,,1,ul. Michała Kajki, Ogrody, Jeżyce, Poznań, wielkopolskie,2 piętro,tak,brak informacji,1-pokojowe mieszkanie 28m2 + balkon Bez Prowizji,https://www.otodom.pl/pl/oferta/1-pokojowe-mieszkanie-28m2-balkon-bez-prowizji-ID4wzMd
67041889,339 000 zł,20m²,16 950 zł/m²,1,ul. Nadolnik, Główna, Nowe Miasto, Poznań, wielkopolskie,1 piętro,tak,brak informacji,Nowoczesne studio - gotowiec inwestycyjny!,https://www.otodom.pl/pl/oferta/nowoczesne-studio-gotowiec-inwestycyjny-ID4xiEN
67041811,340 000 zł,32.5m²,10 462 zł/m²,2,ul. Marcelego Mottego, Łazarz, Grunwald, Poznań, wielkopolskie,1 piętro,nie,brak informacji,Zamieszkaj w klimatycznej  kamienicy blisko Centrum Poznania,https://www.otodom.pl/pl/oferta/zamieszkaj-w-klimatycznej-kamienicy-blisko-centrum-poznania-ID4xiDx
66674542,340 000 zł,32.4m²,10 494 zł/m²,1,ul. Galla Anonima, Jeżyce, Jeżyce, Poznań, wielkopolskie,4 piętro,nie,730 zł,Jeżyce 1-2 pokoje ul. Galla cegła balkon,https://www.otodom.pl/pl/oferta/jezyce-1-2-pokoje-ul-galla-cegla-balkon-ID4wL5Q
66463681,285 000 zł,26.26m²,10 853 zł/m²,2,ul. Kanałowa, Łazarz, Grunwald, Poznań, wielkopolskie,2 piętro,nie,411 zł,Mieszkanie 2-pokojowe do remontu w rewitalizowanej kamienicy | ŁAZARZ,https://www.otodom.pl/pl/oferta/mieszkanie-2-pokojowe-do-remontu-w-rewitalizowanej-kamienicy-lazarz-ID4uSeR
66754540,350 000 zł,27m²,12 963 zł/m²,1,ul. Żurawia, Jeżyce, Jeżyce, Poznań, wielkopolskie,1 piętro,nie,459 zł,"Kawalerka w sercu Poznania - ul. Żurawia 19/21, Poznań",https://www.otodom.pl/pl/oferta/kawalerka-w-sercu-poznania-ul-zurawia-19-21-poznan-ID4v5U8
66819142,212 100 zł,13.51m²,15 699 zł/m²,1,ul. Romana Szymańskiego, Centrum, Stare Miasto, Poznań, wielkopolskie,parter,nie,brak informacji,1-pokojowe mieszkanie 13m2 Bezpośrednio,https://www.otodom.pl/pl/oferta/1-pokojowe-mieszkanie-13m2-bezposrednio-ID4vmI6
66850221,280 000 zł,21m²,13 333 zł/m²,1,Plac Waryńskiego, Ogrody, Jeżyce, Poznań, wielkopolskie,4 piętro,nie,brak informacji,Atrakcyjnie zlokalizowana kawalerka na Ogrodach,https://www.otodom.pl/pl/oferta/atrakcyjnie-zlokalizowana-kawalerka-na-ogrodach-ID4vuNn
67030889,320 000 zł,27m²,11 852 zł/m²,1,os. Przyjaźni, Winogrady, Stare Miasto, Poznań, wielkopolskie,2 piętro,nie,500 zł,Duża kawalerka z niezależną kuchnią+ piwnica- 2 piętro niski bloku,https://www.otodom.pl/pl/oferta/duza-kawalerka-z-niezalezna-kuchnia-piwnica-2-pietro-niski-bloku-ID4xfNn
67038859,350 000 zł,31.65m²,11 058 zł/m²,1,ul. Zielona, Centrum, Stare Miasto, Poznań, wielkopolskie,suterena,nie,brak informacji,"⭐Lokal w centrum Poznania – ul. Zielona ⭐31,65m2⭐",https://www.otodom.pl/pl/oferta/lokal-w-centrum-poznania-ul-zielona-31-65m2-ID4xhRW
66292278,329 880 zł,24m²,13 745 zł/m²,1,os. Lotnictwa Polskiego, Wola, Jeżyce, Poznań, wielkopolskie,1 piętro,tak,brak informacji,1-pokojowe mieszkanie 24m2 Bez Prowizji,https://www.otodom.pl/pl/oferta/1-pokojowe-mieszkanie-24m2-bez-prowizji-ID4u9Ei
67037487,275 000 zł,24.7m²,11 134 zł/m²,1,os. Bohaterów II Wojny Światowej 35, Rataje, Nowe Miasto, Poznań, wielkopolskie,9 piętro,tak,brak informacji,Słoneczna kawalerka do własnej aranżacji!,https://www.otodom.pl/pl/oferta/sloneczna-kawalerka-do-wlasnej-aranzacji-ID4xhwN
67037437,335 000 zł,31.11m²,10 768 zł/m²,1,,Wilda, Wilda, Poznań, wielkopolskie,1 piętro,nie,487 zł,"Poznań Wilda, Kawalerka z osobną kuchnią, 31m2",https://www.otodom.pl/pl/oferta/poznan-wilda-kawalerka-z-osobna-kuchnia-31m2-ID4xhuZ
67031750,173 175 zł,32.2m²,5 378 zł/m²,1,,Junikowo, Grunwald, Poznań, wielkopolskie,2 piętro,nie,brak informacji,Syndyk sprzeda mieszkanie-kawalerkę ul. Grunwaldzka 224,https://www.otodom.pl/pl/oferta/syndyk-sprzeda-mieszkanie-kawalerke-ul-grunwaldzka-224-ID4xg1g
67031767,192 375 zł,52.8m²,3 643 zł/m²,3,,Stare Miasto, Stare Miasto, Poznań, wielkopolskie,1 piętro,nie,brak informacji,Syndyk sprzeda mieszkanie w Poznaniu (udział) Osiedle Wichrowe Wzgórze,https://www.otodom.pl/pl/oferta/syndyk-sprzeda-mieszkanie-w-poznaniu-udzial-osiedle-wichrowe-wzgorze-ID4xg1x
65812796,330 627 zł,34.95m²,9 460 zł/m²,2,ul. Nadolnik, Główna, Nowe Miasto, Poznań, wielkopolskie,4 piętro,tak,brak informacji,Nadolnik Compact Apartments | apartament AB.4.053,https://www.otodom.pl/pl/oferta/nadolnik-compact-apartments-apartament-ab-4-053-ID4s8UI
66874803,268 900 zł,21.88m²,12 290 zł/m²,1,,Marlewo, Nowe Miasto, Poznań, wielkopolskie,2 piętro,nie,brak informacji,Nowa kawalerka z balkonem! Blisko centrum i lasu!,https://www.otodom.pl/pl/oferta/nowa-kawalerka-z-balkonem-blisko-centrum-i-lasu-ID4vBbR
66296989,331 715 zł,28.71m²,11 554 zł/m²,1,ul. Koszalińska, Strzeszyn, Jeżyce, Poznań, wielkopolskie,3 piętro,tak,brak informacji,1-pokojowe mieszkanie 28m2 Bezpośrednio,https://www.otodom.pl/pl/oferta/1-pokojowe-mieszkanie-28m2-bezposrednio-ID4uaSh
66647516,345 000 zł,31.1m²,11 093 zł/m²,1,Plac Asnyka, Smochowice, Jeżyce, Poznań, wielkopolskie,parter,nie,320 zł,Przytulna kawalerka w sercu Jeżyc. Plac Asnyka,https://www.otodom.pl/pl/oferta/przytulna-kawalerka-w-sercu-jezyc-plac-asnyka-ID4wE3V
67034036,349 000 zł,40.1m²,8 703 zł/m²,2,ul. Józefa Łukaszewicza, Łazarz, Grunwald, Poznań, wielkopolskie,2 piętro,nie,350 zł,"2-pokojowe, do aranżacji, ul. Łukaszewicza",https://www.otodom.pl/pl/oferta/2-pokojowe-do-aranzacji-ul-lukaszewicza-ID4xgC8
66947039,325 000 zł,26.5m²,12 264 zł/m²,1,ul. Marcelińska, Raszyn, Grunwald, Poznań, wielkopolskie,4 piętro,nie,330 zł,Kawalerka | Marcelińska | Piwnica,https://www.otodom.pl/pl/oferta/kawalerka-marcelinska-piwnica-ID4vTYX
66951742,338 300 zł,29.56m²,11 445 zł/m²,1,ul. Naramowicka, Naramowice, Stare Miasto, Poznań, wielkopolskie,parter,tak,brak informacji,0% Prowizji. Naramowice - Blisko Tramwaj. Nowe,https://www.otodom.pl/pl/oferta/0-prowizji-naramowice-blisko-tramwaj-nowe-ID4vWcO
66951740,335 000 zł,26.45m²,12 665 zł/m²,1,ul. Naramowicka, Naramowice, Stare Miasto, Poznań, wielkopolskie,2 piętro,tak,brak informacji,0% Prowizji. Naramowice - Blisko Tramwaj. Nowe,https://www.otodom.pl/pl/oferta/0-prowizji-naramowice-blisko-tramwaj-nowe-ID4vWcM
67020766,295 000 zł,34.5m²,8 551 zł/m²,1,,Centrum, Stare Miasto, Poznań, wielkopolskie,4 piętro,nie,brak informacji,"REZERWACJA Kawalerka z antresolą w centrum Jeżyc,",https://www.otodom.pl/pl/oferta/rezerwacja-kawalerka-z-antresola-w-centrum-jezyc-ID4xda6
67031270,312 900 zł,28.3m²,11 057 zł/m²,1,,Naramowice, Stare Miasto, Poznań, wielkopolskie,parter,tak,0,Jedno z najtańszych mieszkań na rynku pierwotnym,https://www.otodom.pl/pl/oferta/jedno-z-najtanszych-mieszkan-na-rynku-pierwotnym-ID4xfTv
66713231,312 900 zł,28.3m²,11 057 zł/m²,1,ul. Naramowicka, Naramowice, Stare Miasto, Poznań, wielkopolskie,parter,tak,brak informacji,1-pokojowe mieszkanie 28m2 Bez Pośredników,https://www.otodom.pl/pl/oferta/1-pokojowe-mieszkanie-28m2-bez-posrednikow-ID4wW9R
67028288,309 000 zł,31.56m²,9 791 zł/m²,1,ul. Hetmańska, os. Hetmańskie HCP, Grunwald, Poznań, wielkopolskie,7 piętro,nie,270 zł,Mieszkanie do kapitalnego remontu - Hetmańska / Głogowska,https://www.otodom.pl/pl/oferta/mieszkanie-do-kapitalnego-remontu-hetmanska-glogowska-ID4xf7q
62935056,340 000 zł,31.73m²,10 715 zł/m²,1,ul. Przepiórcza, Junikowo, Grunwald, Poznań, wielkopolskie,parter,nie,380 zł,"Cicha i zielona okolica, idealne pod wynajem.",https://www.otodom.pl/pl/oferta/cicha-i-zielona-okolica-idealne-pod-wynajem-ID4g4hy
66296985,328 018 zł,28.39m²,11 554 zł/m²,1,ul. Koszalińska, Strzeszyn, Jeżyce, Poznań, wielkopolskie,3 piętro,tak,brak informacji,1-pokojowe mieszkanie 28m2 Bez Prowizji,https://www.otodom.pl/pl/oferta/1-pokojowe-mieszkanie-28m2-bez-prowizji-ID4uaSd
66783847,339 900 zł,29m²,11 721 zł/m²,1,ul. Turkusowa, Winiary, Jeżyce, Poznań, wielkopolskie,8 piętro,tak,358 zł,Mieszkanie na sprzedaż Poznań ul Turkusowa Bez pośredników,https://www.otodom.pl/pl/oferta/mieszkanie-na-sprzedaz-poznan-ul-turkusowa-bez-posrednikow-ID4vdvP
67030400,300 000 zł,24.91m²,12 043 zł/m²,2,,Winiary, Jeżyce, Poznań, wielkopolskie,4 piętro,nie,360 zł,2-pokojowe mieszkanie Poznań - Winiary od zaraz !!,https://www.otodom.pl/pl/oferta/2-pokojowe-mieszkanie-poznan-winiary-od-zaraz-ID4xfFu
66894181,319 000 zł,20.9m²,15 263 zł/m²,1,ul. Bliźniąt, Chartowo, Nowe Miasto, Poznań, wielkopolskie,1 piętro,nie,280 zł,"Kawalerka, Os. Zodiak, Górny Taras Rataj, Chartowo, Jezioro Malta, Las",https://www.otodom.pl/pl/oferta/kawalerka-os-zodiak-gorny-taras-rataj-chartowo-jezioro-malta-las-ID4vGep
66959907,339 000 zł,26.3m²,12 890 zł/m²,1,ul. Naramowicka, Naramowice, Stare Miasto, Poznań, wielkopolskie,1 piętro,tak,300 zł,"Nowa, przytulna kawalerka z balkonem!",https://www.otodom.pl/pl/oferta/nowa-przytulna-kawalerka-z-balkonem-ID4vXkw
66819151,245 900 zł,14.38m²,17 100 zł/m²,1,ul. Romana Szymańskiego, Centrum, Stare Miasto, Poznań, wielkopolskie,2 piętro,nie,brak informacji,1-pokojowe mieszkanie 14m2 Bezpośrednio,https://www.otodom.pl/pl/oferta/1-pokojowe-mieszkanie-14m2-bezposrednio-ID4vmIf
66713208,336 600 zł,29.66m²,11 349 zł/m²,1,ul. Naramowicka, Naramowice, Stare Miasto, Poznań, wielkopolskie,parter,tak,brak informacji,1-pokojowe mieszkanie 29m2 + ogródek Bez Prowizji,https://www.otodom.pl/pl/oferta/1-pokojowe-mieszkanie-29m2-ogrodek-bez-prowizji-ID4wW9u
67028659,341 000 zł,24.4m²,13 975 zł/m²,1,os. Powstań Narodowych, Rataje, Nowe Miasto, Poznań, wielkopolskie,3 piętro,tak,brak informacji,"Powstań Narodowych, kawalerka przy Parku Rataje",https://www.otodom.pl/pl/oferta/powstan-narodowych-kawalerka-przy-parku-rataje-ID4xfdp
67011149,320 000 zł,32.07m²,9 978 zł/m²,2,ul. Za Groblą, Centrum, Stare Miasto, Poznań, wielkopolskie,5 piętro,nie,400 zł,Mieszkanie z MEGA WIDOKIEM na miasto,https://www.otodom.pl/pl/oferta/mieszkanie-z-mega-widokiem-na-miasto-ID4xaEZ
67028288,309 000 zł,31.56m²,9 791 zł/m²,1,ul. Hetmańska, os. Hetmańskie HCP, Grunwald, Poznań, wielkopolskie,7 piętro,nie,270 zł,Mieszkanie do kapitalnego remontu - Hetmańska / Głogowska,https://www.otodom.pl/pl/oferta/mieszkanie-do-kapitalnego-remontu-hetmanska-glogowska-ID4xf7q
66904912,334 000 zł,26.4m²,12 652 zł/m²,1,,Ostroróg, Grunwald, Poznań, wielkopolskie,1 piętro,nie,385 zł,"Mieszkanie Poznań 26,40 m2 dobra lokalizacja",https://www.otodom.pl/pl/oferta/mieszkanie-poznan-26-40-m2-dobra-lokalizacja-ID4vJ1u
66983208,319 000 zł,29.6m²,10 777 zł/m²,1,ul. Główna, Główna, Nowe Miasto, Poznań, wielkopolskie,1 piętro,nie,265 zł,kawalerka po remoncie z wyposażeniem,https://www.otodom.pl/pl/oferta/kawalerka-po-remoncie-z-wyposazeniem-ID4x3ok
66976140,309 000 zł,31.56m²,9 791 zł/m²,1,ul. Hetmańska, os. Hetmańskie HCP, Grunwald, Poznań, wielkopolskie,7 piętro,tak,275 zł,Mieszkanie do remontu,https://www.otodom.pl/pl/oferta/mieszkanie-do-remontu-ID4x1yk
67026984,319 000 zł,27.9m²,11 434 zł/m²,1,os. Armii Krajowej, Rataje, Nowe Miasto, Poznań, wielkopolskie,3 piętro,nie,420 zł,Kawalerka do remontu | Rataje,https://www.otodom.pl/pl/oferta/kawalerka-do-remontu-rataje-ID4xeMo
66852759,320 000 zł,32m²,10 000 zł/m²,1,ul. Krzywa, Górczyn, Grunwald, Poznań, wielkopolskie,1 piętro,nie,450 zł,"ZAREZERWOWANE - Przestronna kawalerka Górczyn, sprzedaż bezpośrednia",https://www.otodom.pl/pl/oferta/zarezerwowane-przestronna-kawalerka-gorczyn-sprzedaz-bezposrednia-ID4vwsj
67026506,323 000 zł,29.6m²,10 912 zł/m²,1,FUNKCJONALNA KAWALERKA Z BALKONEM, Górczyn, Grunwald, Poznań, wielkopolskie,3 piętro,tak,0 zł,Funkcjonalna Kawalerka Z Balkonem,https://www.otodom.pl/pl/oferta/funkcjonalna-kawalerka-z-balkonem-ID4xeEG
67025974,185 000 zł,25m²,7 400 zł/m²,1,ul. Bukowska, Jeżyce, Jeżyce, Poznań, wielkopolskie,suterena,nie,500 zł,Wykończona kawalerka gotowa do najmu,https://www.otodom.pl/pl/oferta/wykonczona-kawalerka-gotowa-do-najmu-ID4xev6
67025097,249 000 zł,27m²,9 222 zł/m²,2,,Stare Miasto, Stare Miasto, Poznań, wielkopolskie,parter,nie,0 zł,Bezczynszowy szeregowiec z ogrodem i miejscem postojow. Pełna Własność,https://www.otodom.pl/pl/oferta/bezczynszowy-szeregowiec-z-ogrodem-i-miejscem-postojow-pelna-wlasnosc-ID4xehX
67023938,330 000 zł,29m²,11 379 zł/m²,1,,Jeżyce, Jeżyce, Poznań, wielkopolskie,parter,nie,brak informacji,"Kawalerka w Centrum Poznania, 29 m2",https://www.otodom.pl/pl/oferta/kawalerka-w-centrum-poznania-29-m2-ID4xdZg
67023885,355 000 zł,33.8m²,10 503 zł/m²,2,ul. Poznańska, Jeżyce, Jeżyce, Poznań, wielkopolskie,4 piętro,nie,700 zł,od zaraz/ jasne M2/ Jeżyce/ parking/piwnica,https://www.otodom.pl/pl/oferta/od-zaraz-jasne-m2-jezyce-parking-piwnica-ID4xdYp
66918710,349 000 zł,33.85m²,10 310 zł/m²,2,ul. Galla Anonima, Jeżyce, Jeżyce, Poznań, wielkopolskie,2 piętro,nie,700 zł,Świetna Lokalizacja|2 Pokoje|Balkon|Nowe Okna,https://www.otodom.pl/pl/oferta/swietna-lokalizacja-2-pokoje-balkon-nowe-okna-ID4vMC2
67023217,349 000 zł,29m²,12 034 zł/m²,1,ul. Horacego, Strzeszyn, Jeżyce, Poznań, wielkopolskie,2 piętro,nie,150 zł,Kawalerka z potencjałem na 2 pokoje i dużą piwnicą Horacego/Strzeszyn,https://www.otodom.pl/pl/oferta/kawalerka-z-potencjalem-na-2-pokoje-i-duza-piwnica-horacego-strzeszyn-ID4xdND
66454655,299 999 zł,26.3m²,11 407 zł/m²,1,ul. Szpitalna, Ogrody, Jeżyce, Poznań, wielkopolskie,5 piętro,nie,brak informacji,Okazja! Kawalerka po remoncie! Ul. Szpitalna,https://www.otodom.pl/pl/oferta/okazja-kawalerka-po-remoncie-ul-szpitalna-ID4uPTh
67022099,298 000 zł,24m²,12 417 zł/m²,1,ul. Klaudyny Potockiej, Łazarz, Grunwald, Poznań, wielkopolskie,4 piętro,nie,330 zł,Kawalerka na Łazarzu do wynajęcia od zaraz!,https://www.otodom.pl/pl/oferta/kawalerka-na-lazarzu-do-wynajecia-od-zaraz-ID4xdwB
66460841,285 000 zł,21m²,13 571 zł/m²,1,ul. Nadolnik, Główna, Nowe Miasto, Poznań, wielkopolskie,parter,nie,120 zł,Kawalerka przy parku,https://www.otodom.pl/pl/oferta/kawalerka-przy-parku-ID4uRw3
67021892,340 000 zł,38.6m²,8 808 zł/m²,2,ul. Mostowa, Centrum, Stare Miasto, Poznań, wielkopolskie,5 piętro,nie,400 zł,TOP!!! Loftowe poddasze do wykończenia | Stare Miasto – CENTRUM,https://www.otodom.pl/pl/oferta/top-loftowe-poddasze-do-wykonczenia-stare-miasto-centrum-ID4xdsg
67019405,265 000 zł,20.04m²,13 224 zł/m²,1,os. Rusa, Chartowo, Nowe Miasto, Poznań, wielkopolskie,10 piętro,nie,0,Dobra Lokalizacja | Idealne na start,https://www.otodom.pl/pl/oferta/dobra-lokalizacja-idealne-na-start-ID4xcO9
66866506,320 000 zł,35.9m²,8 914 zł/m²,2,ul. Strzelecka, Centrum, Stare Miasto, Poznań, wielkopolskie,4 piętro,nie,400 zł,"Centrum | dla fanów skosów, belek i kamienic!",https://www.otodom.pl/pl/oferta/centrum-dla-fanow-skosow-belek-i-kamienic-ID4vz22
66846149,289 000 zł,28.88m²,10 007 zł/m²,1,ul. Helska, Główna, Nowe Miasto, Poznań, wielkopolskie,parter,nie,250 zł,Kawalerka w wyremontowanej kamienicy! ul. Helska,https://www.otodom.pl/pl/oferta/kawalerka-w-wyremontowanej-kamienicy-ul-helska-ID4vtJH
66599317,340 000 zł,40m²,8 500 zł/m²,2,ul. Jana Spychalskiego, Wilda, Wilda, Poznań, wielkopolskie,suterena,nie,250 zł,⭐️ Mieszkanie z potencjałem usługowym ⭐ Poznań ⭐,https://www.otodom.pl/pl/oferta/mieszkanie-z-potencjalem-uslugowym-poznan-ID4wrvx
67018319,330 000 zł,33.1m²,9 970 zł/m²,1,ul. Stanisława Knapowskiego, Górczyn, Grunwald, Poznań, wielkopolskie,parter,nie,500 zł,Rewelacja ! Top Kawalerka w samym Centrum Górczyna,https://www.otodom.pl/pl/oferta/rewelacja-top-kawalerka-w-samym-centrum-gorczyna-ID4xcvD
67015228,246 000 zł,26m²,9 462 zł/m²,2,ul. Jana Żupańskiego, Wilda, Wilda, Poznań, wielkopolskie,4 piętro,nie,450 zł,Doskonała Inwestycja na Wildzie! | Rewitalizacja,https://www.otodom.pl/pl/oferta/doskonala-inwestycja-na-wildzie-rewitalizacja-ID4xbIM
66179697,345 000 zł,26.4m²,13 068 zł/m²,1,ul. Swoboda, os. ks. Jerzego Popiełuszki, Grunwald, Poznań, wielkopolskie,1 piętro,nie,417 zł,Kawalerka ul. Swoboda | I piętro | Niski czynsz,https://www.otodom.pl/pl/oferta/kawalerka-ul-swoboda-i-pietro-niski-czynsz-ID4tGmt
67028288,309 000 zł,31.56m²,9 791 zł/m²,1,ul. Hetmańska, os. Hetmańskie HCP, Grunwald, Poznań, wielkopolskie,7 piętro,nie,270 zł,Mieszkanie do kapitalnego remontu - Hetmańska / Głogowska,https://www.otodom.pl/pl/oferta/mieszkanie-do-kapitalnego-remontu-hetmanska-glogowska-ID4xf7q
67025097,249 000 zł,27m²,9 222 zł/m²,2,,Stare Miasto, Stare Miasto, Poznań, wielkopolskie,parter,nie,0 zł,Bezczynszowy szeregowiec z ogrodem i miejscem postojow. Pełna Własność,https://www.otodom.pl/pl/oferta/bezczynszowy-szeregowiec-z-ogrodem-i-miejscem-postojow-pelna-wlasnosc-ID4xehX
66460841,285 000 zł,21m²,13 571 zł/m²,1,ul. Nadolnik, Główna, Nowe Miasto, Poznań, wielkopolskie,parter,nie,120 zł,Kawalerka przy parku,https://www.otodom.pl/pl/oferta/kawalerka-przy-parku-ID4uRw3
67010945,335 000 zł,47m²,7 128 zł/m²,2,,Centrum, Stare Miasto, Poznań, wielkopolskie,4 piętro,nie,brak informacji,"Centrum, Długa, 2 pokoje, 47m",https://www.otodom.pl/pl/oferta/centrum-dluga-2-pokoje-47m-ID4xaBH
67010843,348 000 zł,39.3m²,8 855 zł/m²,2,,Łazarz, Grunwald, Poznań, wielkopolskie,2 piętro,nie,brak informacji,M2 IIp 39m2 front kamienicy Pzń Łazarz,https://www.otodom.pl/pl/oferta/m2-iip-39m2-front-kamienicy-pzn-lazarz-ID4xaA3
67010404,333 000 zł,26.7m²,12 472 zł/m²,1,os. Przyjaźni, Winogrady, Stare Miasto, Poznań, wielkopolskie,1 piętro,nie,450 zł,Sprzedam kawalerkę,https://www.otodom.pl/pl/oferta/sprzedam-kawalerke-ID4xasY
67006486,343 500 zł,26.61m²,12 909 zł/m²,1,,Naramowice, Stare Miasto, Poznań, wielkopolskie,4 piętro,tak,0,Kompaktowe M z balkonem – dobra lokalizacja,https://www.otodom.pl/pl/oferta/kompaktowe-m-z-balkonem-dobra-lokalizacja-ID4x9rM
66961539,249 000 zł,54.5m²,4 569 zł/m²,2,Fabryczna, Żerniki, Kórnik, poznański, wielkopolskie,parter,nie,0 zł,Bezczynszowe mieszkanie z potencjałem w Żernikach,https://www.otodom.pl/pl/oferta/bezczynszowe-mieszkanie-z-potencjalem-w-zernikach-ID4vXKP
67005183,290 000 zł,26.13m²,11 098 zł/m²,2,ul. Kolejowa, Łazarz, Grunwald, Poznań, wielkopolskie,1 piętro,nie,350 zł,Do remontu 26 m2 • Nowe instalacje i okna Okazja,https://www.otodom.pl/pl/oferta/do-remontu-26-m2-nowe-instalacje-i-okna-okazja-ID4x96L
66789022,349 000 zł,30.9m²,11 294 zł/m²,1,ul. Rybaki, Centrum, Stare Miasto, Poznań, wielkopolskie,5 piętro,nie,0 zł,Mieszkanie w kamienicy w samym centrum,https://www.otodom.pl/pl/oferta/mieszkanie-w-kamienicy-w-samym-centrum-ID4veSi
67002565,340 000 zł,32.53m²,10 452 zł/m²,2,ul. Kolejowa, Łazarz, Grunwald, Poznań, wielkopolskie,parter,nie,350 zł,2 pokoje • Do remontu • Nowe instalacje i okna,https://www.otodom.pl/pl/oferta/2-pokoje-do-remontu-nowe-instalacje-i-okna-ID4x8qx
67001144,315 000 zł,32.7m²,9 633 zł/m²,2,,Łazarz, Grunwald, Poznań, wielkopolskie,1 piętro,nie,200 zł,"2-pok, 1p. do własnej aranżacji, Łazarz",https://www.otodom.pl/pl/oferta/2-pok-1p-do-wlasnej-aranzacji-lazarz-ID4x83C
67000091,325 000 zł,27.2m²,11 949 zł/m²,2,ul. Kolejowa, Łazarz, Grunwald, Poznań, wielkopolskie,poddasze,nie,300 zł,"Atrakcyjne mieszkanie na poddaszu, po podłodze ok.42m.kw.",https://www.otodom.pl/pl/oferta/atrakcyjne-mieszkanie-na-poddaszu-po-podlodze-ok-42m-kw-ID4x7MD
66854479,300 000 zł,25m²,12 000 zł/m²,1,ul. Jana Żupańskiego, Wilda, Wilda, Poznań, wielkopolskie,3 piętro,tak,450 zł,Mieszkanie inwestycyjne| Kamienica | Wilda,https://www.otodom.pl/pl/oferta/mieszkanie-inwestycyjne-kamienica-wilda-ID4vwU3
66998873,240 000 zł,35m²,6 857 zł/m²,1,ul. Hutnicza, Wilda, Wilda, Poznań, wielkopolskie,parter,nie,brak informacji,Piękna przytulna kawalerka,https://www.otodom.pl/pl/oferta/piekna-przytulna-kawalerka-ID4x7sZ
66994092,322 000 zł,28.16m²,11 435 zł/m²,1,ul. Śródka, Śródka, Nowe Miasto, Poznań, wielkopolskie,2 piętro,nie,390 zł,Kawalerka na poznańskiej Śródce,https://www.otodom.pl/pl/oferta/kawalerka-na-poznanskiej-srodce-ID4x6dS
66993737,320 000 zł,30.9m²,10 356 zł/m²,1,ul. Jawornicka, os. Mikołaja Kopernika, Grunwald, Poznań, wielkopolskie,parter,tak,brak informacji,Kawalerka z oddzielną kuchnią Grunwald od zaraz,https://www.otodom.pl/pl/oferta/kawalerka-z-oddzielna-kuchnia-grunwald-od-zaraz-ID4x689
66993399,289 000 zł,28.88m²,10 007 zł/m²,1,,Główna, Nowe Miasto, Poznań, wielkopolskie,parter,nie,0 zł,Bezczynszowa kawalerka na parterze blisko Warty,https://www.otodom.pl/pl/oferta/bezczynszowa-kawalerka-na-parterze-blisko-warty-ID4x62H
66993375,319 000 zł,45.07m²,7 078 zł/m²,2,,Główna, Nowe Miasto, Poznań, wielkopolskie,parter,nie,0 zł,"REZERWACJA Doskonała inwestycja – 2 pokoje, garderoba, bez czynszu",https://www.otodom.pl/pl/oferta/rezerwacja-doskonala-inwestycja-2-pokoje-garderoba-bez-czynszu-ID4x62j
66854996,39 220 zł,59.1m²,664 zł/m²,3,,Naramowice, Stare Miasto, Poznań, wielkopolskie,4 piętro,nie,brak informacji,"1/6 udziału w lokalu, Poznań, Osiedle Łokietka - nowa niższa cena.",https://www.otodom.pl/pl/oferta/1-6-udzialu-w-lokalu-poznan-osiedle-lokietka-nowa-nizsza-cena-ID4vv2o
66956526,209 000 zł,20m²,10 450 zł/m²,1,ul. Nadolnik, Główna, Nowe Miasto, Poznań, wielkopolskie,parter,tak,1 zł,Nowy lokal Nadolnik Compact Apartments,https://www.otodom.pl/pl/oferta/nowy-lokal-nadolnik-compact-apartments-ID4vVrY
66987900,349 000 zł,45.1m²,7 738 zł/m²,3,ul. Piekary, Centrum, Stare Miasto, Poznań, wielkopolskie,4 piętro,nie,0,3 pokoje | 45 m² z Potencjałem | Stare Miasto,https://www.otodom.pl/pl/oferta/3-pokoje-45-m-z-potencjalem-stare-miasto-ID4x4C0
66744885,355 000 zł,33.5m²,10 597 zł/m²,1,ul. Raszyńska, Raszyn, Grunwald, Poznań, wielkopolskie,2 piętro,nie,brak informacji,Duża kawalerka na Grunwaldzie,https://www.otodom.pl/pl/oferta/duza-kawalerka-na-grunwaldzie-ID4v3op
66984628,280 000 zł,30.16m²,9 284 zł/m²,2,ul. Jana Żupańskiego, Wilda, Wilda, Poznań, wielkopolskie,4 piętro,nie,375 zł,Mieszkanie w kamienicy pod inwestycje!,https://www.otodom.pl/pl/oferta/mieszkanie-w-kamienicy-pod-inwestycje-ID4x3Le
66983105,355 100 zł,26.61m²,13 345 zł/m²,1,ul. Naramowicka, Naramowice, Stare Miasto, Poznań, wielkopolskie,6 piętro,nie,0,kw729928,https://www.otodom.pl/pl/oferta/kw729928-ID4x3mF
66983102,328 200 zł,25.28m²,12 983 zł/m²,1,ul. Naramowicka, Naramowice, Stare Miasto, Poznań, wielkopolskie,4 piętro,nie,0,Nowa kawalerka z balkonem | Naramowicka,https://www.otodom.pl/pl/oferta/nowa-kawalerka-z-balkonem-naramowicka-ID4x3mC
66982504,320 000 zł,26.24m²,12 195 zł/m²,1,ul. Osinowa, Dębiec, Wilda, Poznań, wielkopolskie,4 piętro,nie,620 zł,"Dębiec, ul. Osinowa, kawalerka do wejścia! CEGŁA!1960'",https://www.otodom.pl/pl/oferta/debiec-ul-osinowa-kawalerka-do-wejscia-cegla-1960-ID4x3cY
66827534,299 999 zł,32.11m²,9 343 zł/m²,2,ul. Mostowa, Centrum, Stare Miasto, Poznań, wielkopolskie,5 piętro,nie,350 zł,Topowa lokalizacja | Atrakcyjna cena | Rewitalizowana kamienica,https://www.otodom.pl/pl/oferta/topowa-lokalizacja-atrakcyjna-cena-rewitalizowana-kamienica-ID4voTs
66980201,349 000 zł,40.1m²,8 703 zł/m²,2,ul. Józefa Łukaszewicza, Łazarz, Grunwald, Poznań, wielkopolskie,2 piętro,nie,350 zł,"2-pokojowe, do ARANŻACJI  ul. Łukaszewicza",https://www.otodom.pl/pl/oferta/2-pokojowe-do-aranzacji-ul-lukaszewicza-ID4x2BP
66979729,245 000 zł,26m²,9 423 zł/m²,1,ul. Cedrowa, Dębiec, Wilda, Poznań, wielkopolskie,3 piętro,nie,430 zł,Kawalerka Dębiec 26m2,https://www.otodom.pl/pl/oferta/kawalerka-debiec-26m2-ID4x2ud
66836596,344 000 zł,41.3m²,8 329 zł/m²,3,,Marlewo, Nowe Miasto, Poznań, wielkopolskie,parter,nie,brak informacji,Ostatnie nowe mieszkanie 3pok tuz przy lesie!,https://www.otodom.pl/pl/oferta/ostatnie-nowe-mieszkanie-3pok-tuz-przy-lesie-ID4vrfC
66974866,309 000 zł,26.5m²,11 660 zł/m²,1,os. Kosmonautów, Winogrady, Stare Miasto, Poznań, wielkopolskie,7 piętro,tak,416 zł,"Winogrady, kawalerka, jasna kuchnia, piwnica",https://www.otodom.pl/pl/oferta/winogrady-kawalerka-jasna-kuchnia-piwnica-ID4x1dM
66974219,315 000 zł,20m²,15 750 zł/m²,1,,Wilda, Wilda, Poznań, wielkopolskie,2 piętro,nie,brak informacji,"Wynajęta kawalerka inwestycyjna 7,6% ROI, Wilda",https://www.otodom.pl/pl/oferta/wynajeta-kawalerka-inwestycyjna-7-6-roi-wilda-ID4x13l
66973356,299 000 zł,28m²,10 679 zł/m²,1,ul. Długa, Centrum, Stare Miasto, Poznań, wielkopolskie,5 piętro,nie,230 zł,Kawalerka w centrum miasta,https://www.otodom.pl/pl/oferta/kawalerka-w-centrum-miasta-ID4x0Pq
66968597,348 604 zł,25.33m²,13 762 zł/m²,1,,Winogrady, Stare Miasto, Poznań, wielkopolskie,parter,tak,brak informacji,NAJTAŃSZA Kawalerka - świetna inwestycja | Ogródek | Prowizja 0%,https://www.otodom.pl/pl/oferta/najtansza-kawalerka-swietna-inwestycja-ogrodek-prowizja-0-ID4vZAF
66926329,246 000 zł,26m²,9 462 zł/m²,2,ul. Jana Żupańskiego, Wilda, Wilda, Poznań, wielkopolskie,4 piętro,nie,450 zł,Dla Inwestora | Wilda | Kamienica,https://www.otodom.pl/pl/oferta/dla-inwestora-wilda-kamienica-ID4vOAW
67010945,335 000 zł,47m²,7 128 zł/m²,2,,Centrum, Stare Miasto, Poznań, wielkopolskie,4 piętro,nie,brak informacji,"Centrum, Długa, 2 pokoje, 47m",https://www.otodom.pl/hpr/pl/oferta/centrum-dluga-2-pokoje-47m-ID4xaBH
67028288,309 000 zł,31.56m²,9 791 zł/m²,1,ul. Hetmańska, os. Hetmańskie HCP, Grunwald, Poznań, wielkopolskie,7 piętro,nie,270 zł,Mieszkanie do kapitalnego remontu - Hetmańska / Głogowska,https://www.otodom.pl/pl/oferta/mieszkanie-do-kapitalnego-remontu-hetmanska-glogowska-ID4xf7q
66460841,285 000 zł,21m²,13 571 zł/m²,1,ul. Nadolnik, Główna, Nowe Miasto, Poznań, wielkopolskie,parter,nie,120 zł,Kawalerka przy parku,https://www.otodom.pl/pl/oferta/kawalerka-przy-parku-ID4uRw3
62935056,340 000 zł,31.73m²,10 715 zł/m²,1,ul. Przepiórcza, Junikowo, Grunwald, Poznań, wielkopolskie,parter,nie,380 zł,"Cicha i zielona okolica, idealne pod wynajem.",https://www.otodom.pl/pl/oferta/cicha-i-zielona-okolica-idealne-pod-wynajem-ID4g4hy
66966518,309 000 zł,32.5m²,9 508 zł/m²,2,ul. Jana Żupańskiego, Wilda, Wilda, Poznań, wielkopolskie,4 piętro,tak,450 zł,Mieszkanie z potencjałem inwestycyjnym | Wilda,https://www.otodom.pl/pl/oferta/mieszkanie-z-potencjalem-inwestycyjnym-wilda-ID4vZ38
66920496,210 000 zł,27.76m²,7 565 zł/m²,1,ul. Krótka, Główna, Nowe Miasto, Poznań, wielkopolskie,2 piętro,nie,0 zł,Kawalerka w okolicy Ronda Śródka - ul. Krótka 2.,https://www.otodom.pl/pl/oferta/kawalerka-w-okolicy-ronda-srodka-ul-krotka-2-ID4vN4Q
66959767,320 000 zł,32m²,10 000 zł/m²,1,os. Bolesława Chrobrego, Piątkowo, Stare Miasto, Poznań, wielkopolskie,parter,tak,500 zł,Sprzedam kawalerkę os. Chrobrego,https://www.otodom.pl/pl/oferta/sprzedam-kawalerke-os-chrobrego-ID4vXif
66261100,339 900 zł,53.5m²,6 353 zł/m²,2,ul. Biskupińska, Strzeszyn, Jeżyce, Poznań, wielkopolskie,parter,nie,230 zł,Na sprzedaż mieszkanie na Ul. Biskupińskiej,https://www.otodom.pl/pl/oferta/na-sprzedaz-mieszkanie-na-ul-biskupinskiej-ID4u1xq
66865856,319 000 zł,27m²,11 815 zł/m²,1,os. Przyjaźni, Winogrady, Stare Miasto, Poznań, wielkopolskie,4 piętro,tak,547 zł,"Na sprzedaż kawalerka – os. Przyjaźni, Poznań (Winogrady)",https://www.otodom.pl/pl/oferta/na-sprzedaz-kawalerka-os-przyjazni-poznan-winogrady-ID4vyRy
66796217,329 000 zł,21.5m²,15 302 zł/m²,1,ul. Husarska, Kasztelanów, Grunwald, Poznań, wielkopolskie,4 piętro,nie,300 zł,gotowiec inwestycyjny na Grunwaldzie,https://www.otodom.pl/pl/oferta/gotowiec-inwestycyjny-na-grunwaldzie-ID4vgKl
66956056,129 000 zł,24.32m²,5 304 zł/m²,1,,Jeżyce, Jeżyce, Poznań, wielkopolskie,1 piętro,nie,400 zł,"Lokal w przyziemiu Jeżyce, ogrzewanie podłogowe",https://www.otodom.pl/pl/oferta/lokal-w-przyziemiu-jezyce-ogrzewanie-podlogowe-ID4vVko
66956048,315 000 zł,30m²,10 500 zł/m²,2,,Jeżyce, Jeżyce, Poznań, wielkopolskie,1 piętro,nie,370 zł,Dwa pokoje do remontu Jeżyce,https://www.otodom.pl/pl/oferta/dwa-pokoje-do-remontu-jezyce-ID4vVkg
66956045,139 000 zł,27.23m²,5 105 zł/m²,2,,Jeżyce, Jeżyce, Poznań, wielkopolskie,1 piętro,nie,350 zł,"Lokal w przyziemiu Jeżyce, ogrzewanie podłogowe,",https://www.otodom.pl/pl/oferta/lokal-w-przyziemiu-jezyce-ogrzewanie-podlogowe-ID4vVkd
66952880,345 000 zł,27m²,12 778 zł/m²,1,os. Kosmonautów, Winogrady, Stare Miasto, Poznań, wielkopolskie,10+ piętro,tak,375 zł,Kawalerka | 27m2 | Winogrady | os. Kosmonautów,https://www.otodom.pl/pl/oferta/kawalerka-27m2-winogrady-os-kosmonautow-ID4vWwa
66951342,349 000 zł,26.02m²,13 413 zł/m²,1,ul. Hawelańska, Winogrady, Stare Miasto, Poznań, wielkopolskie,parter,tak,brak informacji,Najtańsza KAWALERKA - Tramwaj 3 minuty - Winogrady - OKAZJA,https://www.otodom.pl/pl/oferta/najtansza-kawalerka-tramwaj-3-minuty-winogrady-okazja-ID4vW6m
66951305,350 000 zł,47m²,7 447 zł/m²,2,ul. św. Antoniego, Starołęka Mała, Nowe Miasto, Poznań, wielkopolskie,parter,nie,10 zł,Mieszkanie/ 47m2/ 2 pokoje / św. Antoniego/ Poznań/ Starołęka/,https://www.otodom.pl/pl/oferta/mieszkanie-47m2-2-pokoje-sw-antoniego-poznan-staroleka-ID4vW5L
66941466,345 000 zł,29m²,11 897 zł/m²,2,ul. Turkusowa, Winiary, Jeżyce, Poznań, wielkopolskie,4 piętro,tak,600 zł,2 pokoje kawalerka Sołacz ul. Turkusowa,https://www.otodom.pl/pl/oferta/2-pokoje-kawalerka-solacz-ul-turkusowa-ID4vSx4
66715149,339 000 zł,27m²,12 556 zł/m²,1,al. Pod Lipami, Winogrady, Stare Miasto, Poznań, wielkopolskie,parter,tak,326 zł,Funkcjonalna kawalerka na Winogradach,https://www.otodom.pl/pl/oferta/funkcjonalna-kawalerka-na-winogradach-ID4wWEN
60187642,274 023 zł,25.14m²,10 900 zł/m²,1,,Główna, Nowe Miasto, Poznań, wielkopolskie,3 piętro,tak,0 zł,Mała kawalerka z balkonem,https://www.otodom.pl/pl/oferta/mala-kawalerka-z-balkonem-ID44xyq
66933898,149 000 zł,32.38m²,4 602 zł/m²,1,,Centrum, Stare Miasto, Poznań, wielkopolskie,,tak,brak informacji,Kawalerka na 4 piętrze z windą ul. Piaskowa TBS,https://www.otodom.pl/pl/oferta/kawalerka-na-4-pietrze-z-winda-ul-piaskowa-tbs-ID4vQz0
66927796,219 000 zł,20m²,10 950 zł/m²,1,ul. Rybaki, Centrum, Stare Miasto, Poznań, wielkopolskie,parter,nie,brak informacji,"Mieszkanie, 20 m², Poznań",https://www.otodom.pl/pl/oferta/mieszkanie-20-m-poznan-ID4vOYA
66927269,308 056 zł,42.24m²,7 293 zł/m²,2,ul. Nadolnik, Główna, Nowe Miasto, Poznań, wielkopolskie,4 piętro,tak,brak informacji,"Mieszkanie, 42,24 m², Poznań",https://www.otodom.pl/pl/oferta/mieszkanie-42-24-m-poznan-ID4vOQ5
66927268,330 627 zł,34.95m²,9 460 zł/m²,2,ul. Nadolnik, Główna, Nowe Miasto, Poznań, wielkopolskie,2 piętro,tak,brak informacji,"Mieszkanie, 34,95 m², Poznań",https://www.otodom.pl/pl/oferta/mieszkanie-34-95-m-poznan-ID4vOQ4
66927265,258 376 zł,28.75m²,8 987 zł/m²,1,ul. Nadolnik, Główna, Nowe Miasto, Poznań, wielkopolskie,2 piętro,tak,brak informacji,"Mieszkanie, 28,75 m², Poznań",https://www.otodom.pl/pl/oferta/mieszkanie-28-75-m-poznan-ID4vOQ1
66927263,210 170 zł,25.14m²,8 360 zł/m²,1,ul. Nadolnik, Główna, Nowe Miasto, Poznań, wielkopolskie,3 piętro,tak,brak informacji,"Mieszkanie, 25,14 m², Poznań",https://www.otodom.pl/pl/oferta/mieszkanie-25-14-m-poznan-ID4vOPZ
66921940,349 000 zł,32m²,10 906 zł/m²,1,,Winogrady, Stare Miasto, Poznań, wielkopolskie,parter,tak,400 zł,-Na Sprzedaż-  os. Zwycięstwa- 32 m2,https://www.otodom.pl/pl/oferta/na-sprzedaz-os-zwyciestwa-32-m2-ID4vNs8
66920497,210 000 zł,25m²,8 400 zł/m²,1,ul. Krótka, Główna, Nowe Miasto, Poznań, wielkopolskie,2 piętro,nie,0 zł,"Kawalerka do remontu z poddaszem, Rondo Śródka",https://www.otodom.pl/pl/oferta/kawalerka-do-remontu-z-poddaszem-rondo-srodka-ID4vN4R
66920494,279 000 zł,59.82m²,4 664 zł/m²,2,ul. Krótka, Główna, Nowe Miasto, Poznań, wielkopolskie,3 piętro,nie,0 zł,Dwupokojowe do remontu. Niedaleko Ronda Śródka.,https://www.otodom.pl/pl/oferta/dwupokojowe-do-remontu-niedaleko-ronda-srodka-ID4vN4O
66677846,319 000 zł,25.5m²,12 510 zł/m²,1,os. Wichrowe Wzgórze, Winogrady, Stare Miasto, Poznań, wielkopolskie,10+ piętro,nie,570 zł,Wyjątkowa kawalerka na zielonych Winogradach,https://www.otodom.pl/pl/oferta/wyjatkowa-kawalerka-na-zielonych-winogradach-ID4wLX8
66890368,279 000 zł,22m²,12 682 zł/m²,1,,Łazarz, Grunwald, Poznań, wielkopolskie,parter,nie,400 zł,"Kawalerka na Łazarzu, ul.Łukaszewicza 35",https://www.otodom.pl/pl/oferta/kawalerka-na-lazarzu-ul-lukaszewicza-35-ID4vFeU
66916360,339 900 zł,29m²,11 721 zł/m²,1,,Winiary, Jeżyce, Poznań, wielkopolskie,8 piętro,tak,358 zł,"ul. Turkusowa, przestronna kawalerka",https://www.otodom.pl/pl/oferta/ul-turkusowa-przestronna-kawalerka-ID4vM08
66966518,309 000 zł,32.5m²,9 508 zł/m²,2,ul. Jana Żupańskiego, Wilda, Wilda, Poznań, wielkopolskie,4 piętro,tak,450 zł,Mieszkanie z potencjałem inwestycyjnym | Wilda,https://www.otodom.pl/hpr/pl/oferta/mieszkanie-z-potencjalem-inwestycyjnym-wilda-ID4vZ38
67025097,249 000 zł,27m²,9 222 zł/m²,2,,Stare Miasto, Stare Miasto, Poznań, wielkopolskie,parter,nie,0 zł,Bezczynszowy szeregowiec z ogrodem i miejscem postojow. Pełna Własność,https://www.otodom.pl/pl/oferta/bezczynszowy-szeregowiec-z-ogrodem-i-miejscem-postojow-pelna-wlasnosc-ID4xehX
66460841,285 000 zł,21m²,13 571 zł/m²,1,ul. Nadolnik, Główna, Nowe Miasto, Poznań, wielkopolskie,parter,nie,120 zł,Kawalerka przy parku,https://www.otodom.pl/pl/oferta/kawalerka-przy-parku-ID4uRw3
62935056,340 000 zł,31.73m²,10 715 zł/m²,1,ul. Przepiórcza, Junikowo, Grunwald, Poznań, wielkopolskie,parter,nie,380 zł,"Cicha i zielona okolica, idealne pod wynajem.",https://www.otodom.pl/pl/oferta/cicha-i-zielona-okolica-idealne-pod-wynajem-ID4g4hy
66864890,249 000 zł,30.42m²,8 185 zł/m²,2,ul. Strzelecka, Centrum, Stare Miasto, Poznań, wielkopolskie,2 piętro,nie,481 zł,Mieszkanie z rzetelną lokatorką w super lokalizacji,https://www.otodom.pl/pl/oferta/mieszkanie-z-rzetelna-lokatorka-w-super-lokalizacji-ID4vyBY
66911714,210 000 zł,27.76m²,7 565 zł/m²,1,,Główna, Nowe Miasto, Poznań, wielkopolskie,2 piętro,nie,250 zł,inwestycyjna kawalerka do remontu | 28m² | ul.Krótka 2 | blisko Śródki,https://www.otodom.pl/pl/oferta/inwestycyjna-kawalerka-do-remontu-28m-ul-krotka-2-blisko-srodki-ID4vKNc
66903130,329 000 zł,30.9m²,10 647 zł/m²,1,ul. Jawornicka, os. Mikołaja Kopernika, Grunwald, Poznań, wielkopolskie,8 piętro,nie,680 zł,Przestronna kawalerka Grunwald,https://www.otodom.pl/pl/oferta/przestronna-kawalerka-grunwald-ID4vIyK
66902987,265 000 zł,45m²,5 889 zł/m²,2,ul. Macieja Palacza, Pogodno, Grunwald, Poznań, wielkopolskie,2 piętro,nie,350 zł,2- pokoje na Grunwaldzie ul. Palacza,https://www.otodom.pl/pl/oferta/2-pokoje-na-grunwaldzie-ul-palacza-ID4vIvr
66901159,299 500 zł,26m²,11 519 zł/m²,1,ul. Rybaki, Centrum, Stare Miasto, Poznań, wielkopolskie,parter,nie,brak informacji,"Mieszkanie, 26 m², Poznań",https://www.otodom.pl/pl/oferta/mieszkanie-26-m-poznan-ID4vI2X
66898804,329 000 zł,26.5m²,12 415 zł/m²,1,os. Przyjaźni, Winogrady, Stare Miasto, Poznań, wielkopolskie,3 piętro,tak,brak informacji,Kawalerka na Winogradach na start lub inwestycyjna,https://www.otodom.pl/pl/oferta/kawalerka-na-winogradach-na-start-lub-inwestycyjna-ID4vHqY
66708550,50 000 zł,31.9m²,1 567 zł/m²,5,rynek Łazarski, Łazarz, Grunwald, Poznań, wielkopolskie,5 piętro,nie,brak informacji,Sprzedaż udziału 1/3 w spółdz. włas. pr. do lokalu,https://www.otodom.pl/pl/oferta/sprzedaz-udzialu-1-3-w-spoldz-wlas-pr-do-lokalu-ID4wTVm
66883078,350 000 zł,33m²,10 606 zł/m²,2,,Dębiec, Wilda, Poznań, wielkopolskie,4 piętro,nie,brak informacji,Sprzedam mieszkanie Poznań Dębiec,https://www.otodom.pl/pl/oferta/sprzedam-mieszkanie-poznan-debiec-ID4vDlk
66868040,326 700 zł,27.29m²,11 971 zł/m²,1,,Naramowice, Stare Miasto, Poznań, wielkopolskie,1 piętro,tak,brak informacji,1 pokojowe mieszkanie  w nowoczesnej inwestycji,https://www.otodom.pl/pl/oferta/1-pokojowe-mieszkanie-w-nowoczesnej-inwestycji-ID4vzqM
66864905,330 000 zł,30.1m²,10 963 zł/m²,1,os. Rusa, Chartowo, Nowe Miasto, Poznań, wielkopolskie,9 piętro,nie,brak informacji,Duża jasna kawalerka Rataje Rusa do remontu,https://www.otodom.pl/pl/oferta/duza-jasna-kawalerka-rataje-rusa-do-remontu-ID4vyCd
66864650,265 000 zł,29.52m²,8 977 zł/m²,2,ul. Jana Żupańskiego, Wilda, Wilda, Poznań, wielkopolskie,4 piętro,tak,450 zł,Mieszkanie z potencjałem inwestycyjnym | Wilda,https://www.otodom.pl/pl/oferta/mieszkanie-z-potencjalem-inwestycyjnym-wilda-ID4vyy6
66862861,259 000 zł,21.22m²,12 205 zł/m²,2,ul. Stanisława Staszica, Jeżyce, Jeżyce, Poznań, wielkopolskie,1 piętro,nie,brak informacji,"Dwie kawalerki, idealne pod inwestycję",https://www.otodom.pl/pl/oferta/dwie-kawalerki-idealne-pod-inwestycje-ID4vy5f
66857548,269 000 zł,29.01m²,9 273 zł/m²,2,ul. Jana Żupańskiego, Wilda, Wilda, Poznań, wielkopolskie,3 piętro,nie,450 zł,Inwestycja na Wildzie! | 2 pokoje w Kamienicy,https://www.otodom.pl/pl/oferta/inwestycja-na-wildzie-2-pokoje-w-kamienicy-ID4vvHy
66857336,327 690 zł,36.41m²,9 000 zł/m²,2,ul. Jana Żupańskiego, Wilda, Wilda, Poznań, wielkopolskie,4 piętro,nie,450 zł,Mieszkanie inwestycyjne na Wildzie | Kamienica,https://www.otodom.pl/pl/oferta/mieszkanie-inwestycyjne-na-wildzie-kamienica-ID4vvE8
66854770,268 500 zł,28.25m²,9 504 zł/m²,2,ul. Jana Żupańskiego, Wilda, Wilda, Poznań, wielkopolskie,4 piętro,nie,brak informacji,Mieszkanie dla inwestora | Kamienica | Wilda,https://www.otodom.pl/pl/oferta/mieszkanie-dla-inwestora-kamienica-wilda-ID4vwYK
67028288,309 000 zł,31.56m²,9 791 zł/m²,1,ul. Hetmańska, os. Hetmańskie HCP, Grunwald, Poznań, wielkopolskie,7 piętro,nie,270 zł,Mieszkanie do kapitalnego remontu - Hetmańska / Głogowska,https://www.otodom.pl/pl/oferta/mieszkanie-do-kapitalnego-remontu-hetmanska-glogowska-ID4xf7q
67025097,249 000 zł,27m²,9 222 zł/m²,2,,Stare Miasto, Stare Miasto, Poznań, wielkopolskie,parter,nie,0 zł,Bezczynszowy szeregowiec z ogrodem i miejscem postojow. Pełna Własność,https://www.otodom.pl/pl/oferta/bezczynszowy-szeregowiec-z-ogrodem-i-miejscem-postojow-pelna-wlasnosc-ID4xehX
66460841,285 000 zł,21m²,13 571 zł/m²,1,ul. Nadolnik, Główna, Nowe Miasto, Poznań, wielkopolskie,parter,nie,120 zł,Kawalerka przy parku,https://www.otodom.pl/pl/oferta/kawalerka-przy-parku-ID4uRw3
65917714,239 000 zł,17.9m²,13 352 zł/m²,1,ul. Gruszkowa, Dębiec, Wilda, Poznań, wielkopolskie,2 piętro,nie,100 zł,Kawalerka ul. Gruszkowa w Poznaniu,https://www.otodom.pl/pl/oferta/kawalerka-ul-gruszkowa-w-poznaniu-ID4sAcV
66814874,43 000 zł,22m²,1 955 zł/m²,1,ul. Grudzieniec, Sołacz, Jeżyce, Poznań, wielkopolskie,parter,nie,0,Garaż 22 m2 ul. Grudziniec/Jeżyce.,https://www.otodom.pl/pl/oferta/garaz-22-m2-ul-grudziniec-jezyce-ID4vlBg
66813476,345 000 zł,27m²,12 778 zł/m²,1,os. Pod Lipami, Winogrady, Stare Miasto, Poznań, wielkopolskie,3 piętro,tak,430 zł,"kawalerka Winogrady, os Pod Lipami gotowa",https://www.otodom.pl/pl/oferta/kawalerka-winogrady-os-pod-lipami-gotowa-ID4vleI
66810064,326 000 zł,29.74m²,10 962 zł/m²,1,ul. Antoniego Kosińskiego, Wilda, Wilda, Poznań, wielkopolskie,parter,nie,385 zł,"ładna kawalerka, doskonała lokalizcja",https://www.otodom.pl/pl/oferta/ladna-kawalerka-doskonala-lokalizcja-ID4vklG
66755867,259 000 zł,43.9m²,5 900 zł/m²,2,ks. P. Wawrzyniaka, Jeżyce, Jeżyce, Poznań, wielkopolskie,parter,nie,brak informacji,Okazja⭐Stan Deweloperski⭐Jeżyce Po Rewitalizacji,https://www.otodom.pl/pl/oferta/okazjastan-deweloperskijezyce-po-rewitalizacji-ID4v6fx
66800410,260 000 zł,19.4m²,13 402 zł/m²,1,ul. Solna, Centrum, Stare Miasto, Poznań, wielkopolskie,parter,nie,0,Kawalerka do remontu na Solnej,https://www.otodom.pl/pl/oferta/kawalerka-do-remontu-na-solnej-ID4vhPY
66773765,355 000 zł,30.19m²,11 759 zł/m²,1,ul. Naramowicka, Naramowice, Stare Miasto, Poznań, wielkopolskie,2 piętro,tak,brak informacji,Kawalerka30m2-MieszkanieNaStart/InwestycjaNaNajem,https://www.otodom.pl/pl/oferta/kawalerka30m2-mieszkanienastart-inwestycjananajem-ID4vaUd
66744317,319 000 zł,30.75m²,10 374 zł/m²,1,ul. Sypniewo, Sypniewo, Nowe Miasto, Poznań, wielkopolskie,2 piętro,nie,0,Mieszkanie plus miejsce parkingowe Sypniewo,https://www.otodom.pl/pl/oferta/mieszkanie-plus-miejsce-parkingowe-sypniewo-ID4v3ff
66755235,349 900 zł,31.6m²,11 073 zł/m²,1,ul. Górczyńska, Górczyn, Grunwald, Poznań, wielkopolskie,2 piętro,nie,360 zł,Górczyn - idealna kawalerka dla singla/pary,https://www.otodom.pl/pl/oferta/gorczyn-idealna-kawalerka-dla-singla-pary-ID4v65l
66740657,290 000 zł,26.13m²,11 098 zł/m²,1,ul. Kolejowa, Wilda, Wilda, Poznań, wielkopolskie,1 piętro,nie,brak informacji,Kamienica na Łazarzu – mieszkanie 26 m² w super lokalizacji,https://www.otodom.pl/pl/oferta/kamienica-na-lazarzu-mieszkanie-26-m-w-super-lokalizacji-ID4v2id
67028288,309 000 zł,31.56m²,9 791 zł/m²,1,ul. Hetmańska, os. Hetmańskie HCP, Grunwald, Poznań, wielkopolskie,7 piętro,nie,270 zł,Mieszkanie do kapitalnego remontu - Hetmańska / Głogowska,https://www.otodom.pl/pl/oferta/mieszkanie-do-kapitalnego-remontu-hetmanska-glogowska-ID4xf7q
66460841,285 000 zł,21m²,13 571 zł/m²,1,ul. Nadolnik, Główna, Nowe Miasto, Poznań, wielkopolskie,parter,nie,120 zł,Kawalerka przy parku,https://www.otodom.pl/pl/oferta/kawalerka-przy-parku-ID4uRw3
62935056,340 000 zł,31.73m²,10 715 zł/m²,1,ul. Przepiórcza, Junikowo, Grunwald, Poznań, wielkopolskie,parter,nie,380 zł,"Cicha i zielona okolica, idealne pod wynajem.",https://www.otodom.pl/pl/oferta/cicha-i-zielona-okolica-idealne-pod-wynajem-ID4g4hy
66713231,312 900 zł,28.3m²,11 057 zł/m²,1,ul. Naramowicka, Naramowice, Stare Miasto, Poznań, wielkopolskie,parter,tak,brak informacji,1-pokojowe mieszkanie 28m2 Bez Pośredników,https://www.otodom.pl/pl/oferta/1-pokojowe-mieszkanie-28m2-bez-posrednikow-ID4wW9R
67028288,309 000 zł,31.56m²,9 791 zł/m²,1,ul. Hetmańska, os. Hetmańskie HCP, Grunwald, Poznań, wielkopolskie,7 piętro,nie,270 zł,Mieszkanie do kapitalnego remontu - Hetmańska / Głogowska,https://www.otodom.pl/pl/oferta/mieszkanie-do-kapitalnego-remontu-hetmanska-glogowska-ID4xf7q
66460841,285 000 zł,21m²,13 571 zł/m²,1,ul. Nadolnik, Główna, Nowe Miasto, Poznań, wielkopolskie,parter,nie,120 zł,Kawalerka przy parku,https://www.otodom.pl/pl/oferta/kawalerka-przy-parku-ID4uRw3
66589681,329 785 zł,26.85m²,12 282 zł/m²,1,ul. Naramowicka, Winogrady, Stare Miasto, Poznań, wielkopolskie,1 piętro,tak,brak informacji,Nowoczesne mieszkanie - atrakcyjna lokalizacja,https://www.otodom.pl/pl/oferta/nowoczesne-mieszkanie-atrakcyjna-lokalizacja-ID4wp17
66589530,337 773 zł,26.85m²,12 580 zł/m²,1,ul. Naramowicka 100, Winogrady, Stare Miasto, Poznań, wielkopolskie,3 piętro,tak,brak informacji,Komfortowe mieszkanie w Poznaniu,https://www.otodom.pl/pl/oferta/komfortowe-mieszkanie-w-poznaniu-ID4woYG
65925128,319 000 zł,46.94m²,6 796 zł/m²,1,ul. Piotra Wawrzyniaka, Jeżyce, Jeżyce, Poznań, wielkopolskie,3 piętro,nie,320 zł,Okazja inwestycyjna - poddasze w sercu Jeżyc,https://www.otodom.pl/pl/oferta/okazja-inwestycyjna-poddasze-w-sercu-jezyc-ID4sC8v
66618676,335 000 zł,35.66m²,9 394 zł/m²,1,ul. Żurawia, Jeżyce, Jeżyce, Poznań, wielkopolskie,3 piętro,nie,615 zł,Kawalerka 35 m² | Jeżyce | do remontu |,https://www.otodom.pl/pl/oferta/kawalerka-35-m-jezyce-do-remontu-ID4wvyM
66572724,60 900 zł,37m²,1 646 zł/m²,1,ul. Folwarczna, Franowo, Nowe Miasto, Poznań, wielkopolskie,2 piętro,nie,brak informacji,"Mieszkanie, 37 m², Poznań",https://www.otodom.pl/pl/oferta/mieszkanie-37-m-poznan-ID4wkBC
66501448,355 000 zł,26.6m²,13 346 zł/m²,1,ul. Floriana Stablewskiego, Łazarz, Grunwald, Poznań, wielkopolskie,4 piętro,nie,350 zł,Słoneczna kawalerka z antresola tuż przy Arenie,https://www.otodom.pl/pl/oferta/sloneczna-kawalerka-z-antresola-tuz-przy-arenie-ID4w240
66497908,288 000 zł,25.17m²,11 442 zł/m²,1,ul. Za Groblą, Centrum, Stare Miasto, Poznań, wielkopolskie,5 piętro,nie,300 zł,Kawalerka do remontu| Centrum Poznania,https://www.otodom.pl/pl/oferta/kawalerka-do-remontu-centrum-poznania-ID4w18U
66496725,354 646 zł,25.33m²,14 001 zł/m²,1,ul. Naramowicka, Winogrady, Stare Miasto, Poznań, wielkopolskie,parter,nie,brak informacji,Kawalerka z ogródkiem | 0% prowizji | Winogrady,https://www.otodom.pl/pl/oferta/kawalerka-z-ogrodkiem-0-prowizji-winogrady-ID4w0PP
66483355,332 500 zł,27.29m²,12 184 zł/m²,1,,Naramowice, Stare Miasto, Poznań, wielkopolskie,2 piętro,tak,brak informacji,Nowa inwestycja | 0 % prowizji | Naramowice,https://www.otodom.pl/pl/oferta/nowa-inwestycja-0-prowizji-naramowice-ID4uXmb
66069006,320 000 zł,55.19m²,5 798 zł/m²,2,ul. Piekary, Centrum, Stare Miasto, Poznań, wielkopolskie,4 piętro,nie,200 zł,Mieszkanie do remontu | udział w kamienicy,https://www.otodom.pl/pl/oferta/mieszkanie-do-remontu-udzial-w-kamienicy-ID4tdz8
66445424,193 000 zł,53m²,3 642 zł/m²,2,ul. Macieja Palacza, Łazarz, Grunwald, Poznań, wielkopolskie,1 piętro,nie,brak informacji,"Mieszkanie, 53 m², Poznań",https://www.otodom.pl/pl/oferta/mieszkanie-53-m-poznan-ID4uNuo
66442712,212 604 zł,25.31m²,8 400 zł/m²,2,,Górczyn, Grunwald, Poznań, wielkopolskie,1 piętro,tak,brak informacji,"Kawalerka z antresolą, nowoczesne osiedle",https://www.otodom.pl/pl/oferta/kawalerka-z-antresola-nowoczesne-osiedle-ID4uMME
66387244,310 000 zł,48.42m²,6 402 zł/m²,2,ul. Marcelego Mottego, Łazarz, Grunwald, Poznań, wielkopolskie,parter,nie,1 152 zł,"Na parterze, ul. Marcelego Mottego, 2 pokoje",https://www.otodom.pl/pl/oferta/na-parterze-ul-marcelego-mottego-2-pokoje-ID4uym0
66254442,335 000 zł,35.03m²,9 563 zł/m²,2,ul. Za Groblą, Centrum, Stare Miasto, Poznań, wielkopolskie,5 piętro,nie,350 zł,Kawalerka w samym Centrum! Rewitalizacja kamienicy,https://www.otodom.pl/pl/oferta/kawalerka-w-samym-centrum-rewitalizacja-kamienicy-ID4tZO2
65067728,299 900 zł,28m²,10 711 zł/m²,1,ul. Długa, Centrum, Stare Miasto, Poznań, wielkopolskie,5 piętro,nie,220 zł,Centrum - kawalerka w kamienicy,https://www.otodom.pl/pl/oferta/centrum-kawalerka-w-kamienicy-ID4p15u
62935056,340 000 zł,31.73m²,10 715 zł/m²,1,ul. Przepiórcza, Junikowo, Grunwald, Poznań, wielkopolskie,parter,nie,380 zł,"Cicha i zielona okolica, idealne pod wynajem.",https://www.otodom.pl/pl/oferta/cicha-i-zielona-okolica-idealne-pod-wynajem-ID4g4hy
